{
    "hinge": [
        {
            "transformOrigin": "top left",
            "offset": "0",
            "easing": "ease-in-out"
        },
        {
            "transform": "rotate3d(0, 0, 1, 80deg)",
            "transformOrigin": "top left",
            "offset": "0.2",
            "easing": "ease-in-out"
        },
        {
            "transform": "rotate3d(0, 0, 1, 60deg)",
            "transformOrigin": "top left",
            "opacity": "1",
            "offset": "0.4",
            "easing": "ease-in-out"
        },
        {
            "transform": "rotate3d(0, 0, 1, 80deg)",
            "transformOrigin": "top left",
            "offset": "0.6",
            "easing": "ease-in-out"
        },
        {
            "transform": "rotate3d(0, 0, 1, 60deg)",
            "transformOrigin": "top left",
            "opacity": "1",
            "offset": "0.8",
            "easing": "ease-in-out"
        },
        {
            "transform": "translate3d(0, 700px, 0)",
            "opacity": "0",
            "offset": "1",
            "easing": "ease"
        }
    ]
}