{
    "bounceInLeft": [
        {
            "offset": "0",
            "easing": "cubic-bezier(0.215, 0.610, 0.355, 1.000)"
        },
        {
            "opacity": "0",
            "transform": "translate3d(-3000px, 0, 0)",
            "offset": "0",
            "easing": "ease"
        },
        {
            "offset": "0.6",
            "easing": "cubic-bezier(0.215, 0.610, 0.355, 1.000)"
        },
        {
            "opacity": "1",
            "transform": "translate3d(25px, 0, 0)",
            "offset": "0.6",
            "easing": "ease"
        },
        {
            "offset": "0.75",
            "easing": "cubic-bezier(0.215, 0.610, 0.355, 1.000)"
        },
        {
            "transform": "translate3d(-10px, 0, 0)",
            "offset": "0.75",
            "easing": "ease"
        },
        {
            "offset": "0.9",
            "easing": "cubic-bezier(0.215, 0.610, 0.355, 1.000)"
        },
        {
            "transform": "translate3d(5px, 0, 0)",
            "offset": "0.9",
            "easing": "ease"
        },
        {
            "offset": "1",
            "easing": "cubic-bezier(0.215, 0.610, 0.355, 1.000)"
        },
        {
            "transform": "none",
            "offset": "1",
            "easing": "ease"
        }
    ]
}