{
    "flash": [
        {
            "opacity": "1",
            "offset": "0",
            "easing": "ease"
        },
        {
            "opacity": "0",
            "offset": "0.25",
            "easing": "ease"
        },
        {
            "opacity": "1",
            "offset": "0.5",
            "easing": "ease"
        },
        {
            "opacity": "0",
            "offset": "0.75",
            "easing": "ease"
        },
        {
            "opacity": "1",
            "offset": "1",
            "easing": "ease"
        }
    ]
}