{
    "headShake": [
        {
            "transform": "translateX(0)",
            "offset": "0",
            "easing": "ease"
        },
        {
            "transform": "translateX(-6px) rotateY(-9deg)",
            "offset": "0.065",
            "easing": "ease"
        },
        {
            "transform": "translateX(5px) rotateY(7deg)",
            "offset": "0.185",
            "easing": "ease"
        },
        {
            "transform": "translateX(-3px) rotateY(-5deg)",
            "offset": "0.315",
            "easing": "ease"
        },
        {
            "transform": "translateX(2px) rotateY(3deg)",
            "offset": "0.435",
            "easing": "ease"
        },
        {
            "transform": "translateX(0)",
            "offset": "0.5",
            "easing": "ease"
        }
    ]
}