{
    "rubberBand": [
        {
            "transform": "scale3d(1, 1, 1)",
            "offset": "0",
            "easing": "ease"
        },
        {
            "transform": "scale3d(1.25, 0.75, 1)",
            "offset": "0.3",
            "easing": "ease"
        },
        {
            "transform": "scale3d(0.75, 1.25, 1)",
            "offset": "0.4",
            "easing": "ease"
        },
        {
            "transform": "scale3d(1.15, 0.85, 1)",
            "offset": "0.5",
            "easing": "ease"
        },
        {
            "transform": "scale3d(.95, 1.05, 1)",
            "offset": "0.65",
            "easing": "ease"
        },
        {
            "transform": "scale3d(1.05, .95, 1)",
            "offset": "0.75",
            "easing": "ease"
        },
        {
            "transform": "scale3d(1, 1, 1)",
            "offset": "1",
            "easing": "ease"
        }
    ]
}