{
    "swing": [
        {
            "transform": "rotate3d(0, 0, 1, 15deg)",
            "offset": "0.2",
            "easing": "ease"
        },
        {
            "transform": "rotate3d(0, 0, 1, -10deg)",
            "offset": "0.4",
            "easing": "ease"
        },
        {
            "transform": "rotate3d(0, 0, 1, 5deg)",
            "offset": "0.6",
            "easing": "ease"
        },
        {
            "transform": "rotate3d(0, 0, 1, -5deg)",
            "offset": "0.8",
            "easing": "ease"
        },
        {
            "transform": "rotate3d(0, 0, 1, 0deg)",
            "offset": "1",
            "easing": "ease"
        }
    ]
}