{
    "zoomOutDown": [
        {
            "opacity": "1",
            "transform": "scale3d(.475, .475, .475) translate3d(0, -60px, 0)",
            "offset": "0.4",
            "easing": "cubic-bezier(0.550, 0.055, 0.675, 0.190)"
        },
        {
            "opacity": "0",
            "transform": "scale3d(.1, .1, .1) translate3d(0, 2000px, 0)",
            "transformOrigin": "center bottom",
            "offset": "1",
            "easing": "cubic-bezier(0.175, 0.885, 0.320, 1)"
        }
    ]
}